Hotspot_Name,Bird_Name
Frontenac Pt.,Canada Goose
Frontenac Pt.,Gadwall
Frontenac Pt.,Mallard
Frontenac Pt.,Common Goldeneye
Frontenac Pt.,Red-breasted Merganser
Frontenac Pt.,Ring-billed Gull
Frontenac Pt.,Herring Gull
Frontenac Pt.,American Crow
Frontenac Pt.,Bufflehead
Frontenac Pt.,Common Merganser
Frontenac Pt.,Common Loon
Frontenac Pt.,Red-bellied Woodpecker
Frontenac Pt.,Downy Woodpecker
Frontenac Pt.,Golden-crowned Kinglet
Frontenac Pt.,Dark-eyed Junco
Frontenac Pt.,Red-throated Loon
Frontenac Pt.,Double-crested Cormorant
Frontenac Pt.,Hairy Woodpecker
Frontenac Pt.,Pileated Woodpecker
Frontenac Pt.,Northern Flicker
Frontenac Pt.,Eastern Phoebe
Frontenac Pt.,Blue Jay
Frontenac Pt.,Black-capped Chickadee
Frontenac Pt.,Carolina Wren
Frontenac Pt.,European Starling
Frontenac Pt.,American Robin
Frontenac Pt.,House Finch
Frontenac Pt.,American Goldfinch
Frontenac Pt.,White-throated Sparrow
Frontenac Pt.,Yellow-rumped Warbler
Frontenac Pt.,Great Black-backed Gull
Frontenac Pt.,Great Blue Heron
Frontenac Pt.,Red-tailed Hawk
Frontenac Pt.,Eastern Screech-Owl
Frontenac Pt.,Fish Crow
Frontenac Pt.,Ruby-crowned Kinglet
Frontenac Pt.,Song Sparrow
Frontenac Pt.,Northern Cardinal
Frontenac Pt.,Turkey Vulture
Frontenac Pt.,Bald Eagle
Frontenac Pt.,Yellow-bellied Sapsucker
Frontenac Pt.,Philadelphia/Warbling Vireo
Frontenac Pt.,Red-eyed Vireo
Frontenac Pt.,Tufted Titmouse
Frontenac Pt.,White-breasted Nuthatch
Frontenac Pt.,Gray Catbird
Frontenac Pt.,Hermit Thrush
Frontenac Pt.,Blackpoll Warbler
Frontenac Pt.,Scarlet Tanager
Frontenac Pt.,Belted Kingfisher
Frontenac Pt.,Spotted Sandpiper
Frontenac Pt.,Yellow-throated Vireo
Frontenac Pt.,Warbling Vireo
Frontenac Pt.,Purple Martin
Frontenac Pt.,Barn Swallow
Frontenac Pt.,Eastern Bluebird
Frontenac Pt.,Brown-headed Cowbird
Frontenac Pt.,Common Grackle
Frontenac Pt.,Yellow Warbler
Frontenac Pt.,Osprey
Frontenac Pt.,Blue-gray Gnatcatcher
Frontenac Pt.,Chipping Sparrow
Frontenac Pt.,Baltimore Oriole
Frontenac Pt.,Red-winged Blackbird
Frontenac Pt.,American Redstart
Frontenac Pt.,Indigo Bunting
Frontenac Pt.,Cedar Waxwing
Frontenac Pt.,Eastern Towhee
Frontenac Pt.,Palm Warbler
Frontenac Pt.,Killdeer
Frontenac Pt.,Common Raven
Frontenac Pt.,Northern Rough-winged Swallow
Frontenac Pt.,Tree Swallow
Frontenac Pt.,Wood Thrush
Frontenac Pt.,Ovenbird
Frontenac Pt.,Northern Parula
Frontenac Pt.,Brown Creeper
Frontenac Pt.,Snow Goose
Frontenac Pt.,American Black Duck
Frontenac Pt.,Larus sp.
Frontenac Pt.,Blue-headed Vireo
Frontenac Pt.,Purple Finch
Frontenac Pt.,Hooded Merganser
Frontenac Pt.,Lesser Black-backed Gull
Frontenac Pt.,Cooper's Hawk
Frontenac Pt.,Winter Wren
Frontenac Pt.,grebe sp.
Frontenac Pt.,American Coot
Frontenac Pt.,Magnolia Warbler
Frontenac Pt.,Blackburnian Warbler
Frontenac Pt.,warbler sp. (Parulidae sp.)
Frontenac Pt.,Hooded Warbler
Frontenac Pt.,Eastern Wood-Pewee
Frontenac Pt.,Wilson's Warbler
Frontenac Pt.,Ruby-throated Hummingbird
Frontenac Pt.,Bank Swallow
Frontenac Pt.,Common Yellowthroat
Frontenac Pt.,Yellow-bellied Flycatcher
Frontenac Pt.,Great Crested Flycatcher
Frontenac Pt.,House Wren
Frontenac Pt.,Veery
Frontenac Pt.,Tennessee Warbler
Frontenac Pt.,Chestnut-sided Warbler
Frontenac Pt.,woodpecker sp.
Frontenac Pt.,Louisiana Waterthrush
Frontenac Pt.,Northern Waterthrush
Frontenac Pt.,Bay-breasted Warbler
Frontenac Pt.,Pine Warbler
Frontenac Pt.,Canada Warbler
Frontenac Pt.,Philadelphia Vireo
Frontenac Pt.,Red-breasted Nuthatch
Frontenac Pt.,Northern Mockingbird
Frontenac Pt.,Rose-breasted Grosbeak
Frontenac Pt.,Alder/Willow Flycatcher (Traill's Flycatcher)
Frontenac Pt.,Black-and-white Warbler
Frontenac Pt.,Nashville Warbler
Frontenac Pt.,Black-throated Blue Warbler
Frontenac Pt.,Common Tern
Frontenac Pt.,Merlin
Frontenac Pt.,Mourning Dove
Frontenac Pt.,Swamp Sparrow
Frontenac Pt.,Fox Sparrow
Frontenac Pt.,House Sparrow
Frontenac Pt.,Redhead
Frontenac Pt.,American Pipit
Frontenac Pt.,Ring-necked Duck
Frontenac Pt.,Horned Grebe
Frontenac Pt.,Northern Pintail
Frontenac Pt.,American Tree Sparrow
Frontenac Pt.,White-winged Scoter
Frontenac Pt.,Tundra Swan
Frontenac Pt.,Lesser Scaup
Frontenac Pt.,Ruddy Duck
Frontenac Pt.,Bonaparte's Gull
Frontenac Pt.,duck sp.
Frontenac Pt.,Horned Lark
Frontenac Pt.,Long-tailed Duck
Frontenac Pt.,Wood Duck
Frontenac Pt.,gull sp.
Frontenac Pt.,blackbird sp.
Frontenac Pt.,loon sp.
Frontenac Pt.,Field Sparrow
Frontenac Pt.,Solitary Sandpiper
Frontenac Pt.,Pied-billed Grebe
Frontenac Pt.,Caspian Tern
Frontenac Pt.,Great Egret
Frontenac Pt.,hawk sp.
Frontenac Pt.,swallow sp.
Frontenac Pt.,bird sp.
Frontenac Pt.,Canvasback
Frontenac Pt.,Greater/Lesser Scaup
Frontenac Pt.,Greater Scaup
Frontenac Pt.,Sharp-shinned Hawk
Taughannock Falls SP--Loon Watch,Canada Goose
Taughannock Falls SP--Loon Watch,Mallard
Taughannock Falls SP--Loon Watch,Common Merganser
Taughannock Falls SP--Loon Watch,Ring-billed Gull
Taughannock Falls SP--Loon Watch,Herring Gull
Taughannock Falls SP--Loon Watch,Belted Kingfisher
Taughannock Falls SP--Loon Watch,Carolina Wren
Taughannock Falls SP--Loon Watch,Red-bellied Woodpecker
Taughannock Falls SP--Loon Watch,American Crow
Taughannock Falls SP--Loon Watch,Dark-eyed Junco
Taughannock Falls SP--Loon Watch,Common Loon
Taughannock Falls SP--Loon Watch,European Starling
Taughannock Falls SP--Loon Watch,Eastern Bluebird
Taughannock Falls SP--Loon Watch,American Goldfinch
Taughannock Falls SP--Loon Watch,Cackling Goose
Taughannock Falls SP--Loon Watch,duck sp.
Taughannock Falls SP--Loon Watch,Peregrine Falcon
Taughannock Falls SP--Loon Watch,Black-capped Chickadee
Taughannock Falls SP--Loon Watch,American Black Duck
Taughannock Falls SP--Loon Watch,Redhead
Taughannock Falls SP--Loon Watch,Lesser Scaup
Taughannock Falls SP--Loon Watch,Aythya sp.
Taughannock Falls SP--Loon Watch,scoter sp.
Taughannock Falls SP--Loon Watch,Bonaparte's Gull
Taughannock Falls SP--Loon Watch,Bufflehead
Taughannock Falls SP--Loon Watch,Great Black-backed Gull
Taughannock Falls SP--Loon Watch,Merlin
Taughannock Falls SP--Loon Watch,White-breasted Nuthatch
Taughannock Falls SP--Loon Watch,American Robin
Taughannock Falls SP--Loon Watch,Red-winged Blackbird
Taughannock Falls SP--Loon Watch,Yellow-rumped Warbler
Taughannock Falls SP--Loon Watch,Northern Cardinal
Taughannock Falls SP--Loon Watch,Greater/Lesser Scaup
Taughannock Falls SP--Loon Watch,Long-tailed Duck
Taughannock Falls SP--Loon Watch,Double-crested Cormorant
Taughannock Falls SP--Loon Watch,Red-tailed Hawk
Taughannock Falls SP--Loon Watch,crow sp.
Taughannock Falls SP--Loon Watch,Yellow-bellied Sapsucker
Taughannock Falls SP--Loon Watch,Tree Swallow
Taughannock Falls SP--Loon Watch,Barn Swallow
Taughannock Falls SP--Loon Watch,Gray Catbird
Taughannock Falls SP--Loon Watch,House Finch
Taughannock Falls SP--Loon Watch,Song Sparrow
Taughannock Falls SP--Loon Watch,Baltimore Oriole
Taughannock Falls SP--Loon Watch,Common Grackle
Taughannock Falls SP--Loon Watch,Osprey
Taughannock Falls SP--Loon Watch,Common Goldeneye
Taughannock Falls SP--Loon Watch,gull sp.
Taughannock Falls SP--Loon Watch,Cedar Waxwing
Taughannock Falls SP--Loon Watch,Mallard (Domestic type)
Taughannock Falls SP--Loon Watch,Bald Eagle
Taughannock Falls SP--Loon Watch,Mallard/American Black Duck
Taughannock Falls SP--Loon Watch,Mourning Dove
Taughannock Falls SP--Loon Watch,Chimney Swift
Taughannock Falls SP--Loon Watch,Caspian Tern
Taughannock Falls SP--Loon Watch,Turkey Vulture
Taughannock Falls SP--Loon Watch,Northern Flicker
Taughannock Falls SP--Loon Watch,Least Flycatcher
Taughannock Falls SP--Loon Watch,Blue Jay
Taughannock Falls SP--Loon Watch,Purple Martin
Taughannock Falls SP--Loon Watch,Blue-gray Gnatcatcher
Taughannock Falls SP--Loon Watch,Chipping Sparrow
Taughannock Falls SP--Loon Watch,Brown-headed Cowbird
Taughannock Falls SP--Loon Watch,American Redstart
Taughannock Falls SP--Loon Watch,Yellow Warbler
Taughannock Falls SP--Loon Watch,Red-breasted Merganser
Taughannock Falls SP--Loon Watch,Common Tern
Taughannock Falls SP--Loon Watch,Great Blue Heron
Taughannock Falls SP--Loon Watch,Downy Woodpecker
Taughannock Falls SP--Loon Watch,Warbling Vireo
Taughannock Falls SP--Loon Watch,Tufted Titmouse
Taughannock Falls SP--Loon Watch,Bank Swallow
Taughannock Falls SP--Loon Watch,Gadwall
Taughannock Falls SP--Loon Watch,Greater Scaup
Taughannock Falls SP--Loon Watch,Pied-billed Grebe
Taughannock Falls SP--Loon Watch,Green-winged Teal
Taughannock Falls SP--Loon Watch,Brown Creeper
Taughannock Falls SP--Loon Watch,Yellow-throated Vireo
Taughannock Falls SP--Loon Watch,Red-eyed Vireo
Taughannock Falls SP--Loon Watch,Northern Rough-winged Swallow
Taughannock Falls SP--Loon Watch,swallow sp.
Taughannock Falls SP--Loon Watch,Eastern Phoebe
Taughannock Falls SP--Loon Watch,Eastern Kingbird
Taughannock Falls SP--Loon Watch,House Sparrow
Taughannock Falls SP--Loon Watch,Field Sparrow
Taughannock Falls SP--Loon Watch,Tennessee Warbler
Taughannock Falls SP--Loon Watch,Cape May Warbler
Taughannock Falls SP--Loon Watch,Palm Warbler
Taughannock Falls SP--Loon Watch,White-winged Scoter
Taughannock Falls SP--Loon Watch,Dunlin
Taughannock Falls SP--Loon Watch,Cliff Swallow
Taughannock Falls SP--Loon Watch,Spotted Sandpiper
Taughannock Falls SP--Loon Watch,Wood Duck
Taughannock Falls SP--Loon Watch,Brown Booby
Taughannock Falls SP--Loon Watch,Snow Goose
Taughannock Falls SP--Loon Watch,Ring-necked Duck
Taughannock Falls SP--Loon Watch,Hooded Merganser
Taughannock Falls SP--Loon Watch,Horned Grebe
Taughannock Falls SP--Loon Watch,Red-necked Grebe
Taughannock Falls SP--Loon Watch,Red-throated Loon
Taughannock Falls SP--Loon Watch,Common Raven
Taughannock Falls SP--Loon Watch,Canvasback
Taughannock Falls SP--Loon Watch,American Pipit
Taughannock Falls SP--Loon Watch,Northern Harrier
Taughannock Falls SP--Loon Watch,Golden Eagle
Taughannock Falls SP--Loon Watch,American Wigeon
Taughannock Falls SP--Loon Watch,Snow Bunting
Taughannock Falls SP--Loon Watch,Northern Pintail
Taughannock Falls SP--Loon Watch,Golden-crowned Kinglet
Taughannock Falls SP--Loon Watch,Pileated Woodpecker
Taughannock Falls SP--Loon Watch,Common Redpoll
Taughannock Falls SP--Loon Watch,Tundra Swan
Taughannock Falls SP--Loon Watch,Cooper's Hawk
Taughannock Falls SP--Loon Watch,Surf Scoter
Taughannock Falls SP--Loon Watch,American Coot
Taughannock Falls SP--Loon Watch,American Tree Sparrow
Taughannock Falls SP--Loon Watch,finch sp.
Taughannock Falls SP--Loon Watch,White-winged Crossbill
Taughannock Falls SP--Loon Watch,Pine Siskin
Taughannock Falls SP--Loon Watch,Red Crossbill
Taughannock Falls SP--Loon Watch,blackbird sp.
Taughannock Falls SP--Loon Watch,Brant
Taughannock Falls SP--Loon Watch,Blue-winged Teal
Taughannock Falls SP--Loon Watch,dabbling duck sp.
Taughannock Falls SP--Loon Watch,Lesser Black-backed Gull
Taughannock Falls SP--Loon Watch,Mallard x American Black Duck (hybrid)
Taughannock Falls SP--Loon Watch,Black Scoter
Taughannock Falls SP--Loon Watch,Sharp-shinned Hawk
Taughannock Falls SP,Canada Goose
Taughannock Falls SP,Bald Eagle
Taughannock Falls SP,Peregrine Falcon
Taughannock Falls SP,American Crow
Taughannock Falls SP,Common Raven
Taughannock Falls SP,Black-capped Chickadee
Taughannock Falls SP,Dark-eyed Junco
Taughannock Falls SP,Ring-billed Gull
Taughannock Falls SP,Herring Gull
Taughannock Falls SP,Mallard
Taughannock Falls SP,Common Merganser
Taughannock Falls SP,Double-crested Cormorant
Taughannock Falls SP,Hairy Woodpecker
Taughannock Falls SP,Turkey Vulture
Taughannock Falls SP,Downy Woodpecker
Taughannock Falls SP,woodpecker sp.
Taughannock Falls SP,Blue Jay
Taughannock Falls SP,Eastern Screech-Owl
Taughannock Falls SP,Red-tailed Hawk
Taughannock Falls SP,Pileated Woodpecker
Taughannock Falls SP,Tufted Titmouse
Taughannock Falls SP,White-breasted Nuthatch
Taughannock Falls SP,American Goldfinch
Taughannock Falls SP,Northern Cardinal
Taughannock Falls SP,Mourning Dove
Taughannock Falls SP,Great Black-backed Gull
Taughannock Falls SP,Green Heron
Taughannock Falls SP,Northern Flicker
Taughannock Falls SP,European Starling
Taughannock Falls SP,Cedar Waxwing
Taughannock Falls SP,Nashville Warbler
Taughannock Falls SP,Cooper's Hawk
Taughannock Falls SP,Carolina Wren
Taughannock Falls SP,Red-bellied Woodpecker
Taughannock Falls SP,Bonaparte's Gull
Taughannock Falls SP,Larus sp.
Taughannock Falls SP,Belted Kingfisher
Taughannock Falls SP,Eastern Wood-Pewee
Taughannock Falls SP,Barn Swallow
Taughannock Falls SP,Gray Catbird
Taughannock Falls SP,House Finch
Taughannock Falls SP,White-throated Sparrow
Taughannock Falls SP,Eastern Towhee
Taughannock Falls SP,Rock Pigeon
Taughannock Falls SP,Ruby-throated Hummingbird
Taughannock Falls SP,Eastern Phoebe
Taughannock Falls SP,Warbling Vireo
Taughannock Falls SP,Red-eyed Vireo
Taughannock Falls SP,Red-breasted Nuthatch
Taughannock Falls SP,American Robin
Taughannock Falls SP,Chipping Sparrow
Taughannock Falls SP,Song Sparrow
Taughannock Falls SP,Baltimore Oriole
Taughannock Falls SP,Red-winged Blackbird
Taughannock Falls SP,Common Yellowthroat
Taughannock Falls SP,Great Crested Flycatcher
Taughannock Falls SP,Northern Mockingbird
Taughannock Falls SP,Black-throated Green Warbler
Taughannock Falls SP,Great Blue Heron
Taughannock Falls SP,Yellow-bellied Sapsucker
Taughannock Falls SP,Northern Rough-winged Swallow
Taughannock Falls SP,Common Grackle
Taughannock Falls SP,American Redstart
Taughannock Falls SP,Yellow-throated Vireo
Taughannock Falls SP,Tree Swallow
Taughannock Falls SP,Orchard Oriole
Taughannock Falls SP,Yellow Warbler
Taughannock Falls SP,Common Loon
Taughannock Falls SP,Yellow-rumped Warbler
Taughannock Falls SP,Mallard (Domestic type)
Taughannock Falls SP,gull sp.
Taughannock Falls SP,flycatcher sp. (Tyrannidae sp.)
Taughannock Falls SP,Red-breasted Merganser
Taughannock Falls SP,Caspian Tern
Taughannock Falls SP,Osprey
Taughannock Falls SP,Purple Martin
Taughannock Falls SP,Blue-gray Gnatcatcher
Taughannock Falls SP,House Wren
Taughannock Falls SP,Brown-headed Cowbird
Taughannock Falls SP,Palm Warbler
Taughannock Falls SP,Pine Warbler
Taughannock Falls SP,waterfowl sp.
Taughannock Falls SP,American Black Duck
Taughannock Falls SP,Ruby-crowned Kinglet
Taughannock Falls SP,Pied-billed Grebe
Taughannock Falls SP,Spotted Sandpiper
Taughannock Falls SP,Scarlet Tanager
Taughannock Falls SP,crow sp.
Taughannock Falls SP,Eastern Kingbird
Taughannock Falls SP,Cliff Swallow
Taughannock Falls SP,Indigo Bunting
Taughannock Falls SP,American Wigeon
Taughannock Falls SP,Ring-necked Duck
Taughannock Falls SP,Bufflehead
Taughannock Falls SP,Hooded Merganser
Taughannock Falls SP,Redhead
Taughannock Falls SP,Horned Grebe
Taughannock Falls SP,Gadwall
Taughannock Falls SP,Lesser Scaup
Taughannock Falls SP,Golden-crowned Kinglet
Taughannock Falls SP,Golden Eagle
Taughannock Falls SP,Blackpoll Warbler
Taughannock Falls SP,Chimney Swift
Taughannock Falls SP,duck sp.
Taughannock Falls SP,Wood Thrush
Taughannock Falls SP,Fish Crow
Taughannock Falls SP,House Sparrow
Taughannock Falls SP,Yellow-billed Cuckoo
Taughannock Falls SP,Louisiana Waterthrush
Taughannock Falls SP,Great Horned Owl
Taughannock Falls SP,Broad-winged Hawk
Taughannock Falls SP,Acadian Flycatcher
Taughannock Falls SP,Willow Flycatcher
Taughannock Falls SP,Ovenbird
Taughannock Falls SP,Black-and-white Warbler
Taughannock Falls SP,Hooded Warbler
Taughannock Falls SP,Black-throated Blue Warbler
Taughannock Falls SP,Sharp-shinned Hawk
Taughannock Falls SP,Least Flycatcher
Taughannock Falls SP,Bank Swallow
Taughannock Falls SP,Eastern Bluebird
Taughannock Falls SP,Field Sparrow
Taughannock Falls SP,swallow sp.
Taughannock Falls SP,Blackburnian Warbler
Taughannock Falls SP,Cape May Warbler
Taughannock Falls SP,Snow Goose
Taughannock Falls SP,Hermit Thrush
Taughannock Falls SP,scoter sp.
Taughannock Falls SP,Red-necked Grebe
Taughannock Falls SP,Pine Siskin
Taughannock Falls SP,Brown Creeper
Taughannock Falls SP,Common Goldeneye
Taughannock Falls SP,Mute Swan
Taughannock Falls SP,Tundra Swan
Taughannock Falls SP,Aythya sp.
Taughannock Falls SP,Greater Scaup
Taughannock Falls SP,Greater/Lesser Scaup
Taughannock Falls SP,White-winged Scoter
Taughannock Falls SP,Long-tailed Duck
Taughannock Falls SP,Red-throated Loon
Taughannock Falls SP,Lesser Black-backed Gull
Taughannock Falls SP,Winter Wren
Taughannock Falls SP,Common/Forster's Tern
Taughannock Falls SP,Killdeer
Taughannock Falls SP,Wood Duck
Taughannock Falls SP,Green-winged Teal
Taughannock Falls SP,goose sp.
Taughannock Falls SP,Magnolia Warbler
Taughannock Falls SP,Chestnut-sided Warbler
Taughannock Falls SP,shorebird sp.
Taughannock Falls SP,Louisiana/Northern Waterthrush
Taughannock Falls SP,Franklin's Gull
Taughannock Falls SP,Brown Thrasher
Taughannock Falls SP,American Coot
Taughannock Falls SP,Greater Yellowlegs
Taughannock Falls SP,Red-shouldered Hawk
Taughannock Falls SP,Blue-winged Warbler
Taughannock Falls SP,Canvasback
Taughannock Falls SP,Northern Pintail
Taughannock Falls SP,Mallard x American Black Duck (hybrid)
Taughannock Falls SP,White-crowned Sparrow
Taughannock Falls SP,sparrow sp.
Taughannock Falls SP,blackbird sp.
Taughannock Falls SP,Accipiter sp.
Taughannock Falls SP,warbler sp. (Parulidae sp.)
Taughannock Falls SP,hawk sp.
Taughannock Falls SP,Veery
Taughannock Falls SP,Prairie Warbler
Taughannock Falls SP,passerine sp.
Taughannock Falls SP,Empidonax sp.
Taughannock Falls SP,Buteo sp.
Taughannock Falls SP,Philadelphia Vireo
Taughannock Falls SP,Northern Harrier
Taughannock Falls SP,Purple Finch
Taughannock Falls SP,Eastern Meadowlark
Taughannock Falls SP,American Tree Sparrow
Taughannock Falls SP,Northern Saw-whet Owl
Taughannock Falls SP,Cackling Goose
Taughannock Falls SP,Wild Turkey
Taughannock Falls SP,loon sp.
Taughannock Falls SP,Brant
Taughannock Falls SP,Black-crowned Night-Heron
Taughannock Falls SP,Tennessee Warbler
Taughannock Falls SP,Northern Waterthrush
Taughannock Falls SP,Canada Warbler
Taughannock Falls SP--Lakeshore E of Creek,Mallard
Taughannock Falls SP--Lakeshore E of Creek,Ring-billed Gull
Taughannock Falls SP--Lakeshore E of Creek,Herring Gull
Taughannock Falls SP--Lakeshore E of Creek,Black-capped Chickadee
Taughannock Falls SP--Lakeshore E of Creek,Common Loon
Taughannock Falls SP--Lakeshore E of Creek,loon sp.
Taughannock Falls SP--Lakeshore E of Creek,American Crow
Taughannock Falls SP--Lakeshore E of Creek,European Starling
Taughannock Falls SP--Lakeshore E of Creek,Dark-eyed Junco
Taughannock Falls SP--Lakeshore E of Creek,Canada Goose
Taughannock Falls SP--Lakeshore E of Creek,Double-crested Cormorant
Taughannock Falls SP--Lakeshore E of Creek,Belted Kingfisher
Taughannock Falls SP--Lakeshore E of Creek,Turkey Vulture
Taughannock Falls SP--Lakeshore E of Creek,Osprey
Taughannock Falls SP--Lakeshore E of Creek,Purple Martin
Taughannock Falls SP--Lakeshore E of Creek,Song Sparrow
Taughannock Falls SP--Lakeshore E of Creek,Red-winged Blackbird
Taughannock Falls SP--Lakeshore E of Creek,Common Grackle
Taughannock Falls SP--Lakeshore E of Creek,Tree Swallow
Taughannock Falls SP--Lakeshore E of Creek,Barn Swallow
Taughannock Falls SP--Lakeshore E of Creek,Red-bellied Woodpecker
Taughannock Falls SP--Lakeshore E of Creek,Downy Woodpecker
Taughannock Falls SP--Lakeshore E of Creek,Hairy Woodpecker
Taughannock Falls SP--Lakeshore E of Creek,Pileated Woodpecker
Taughannock Falls SP--Lakeshore E of Creek,Blue Jay
Taughannock Falls SP--Lakeshore E of Creek,Tufted Titmouse
Taughannock Falls SP--Lakeshore E of Creek,White-breasted Nuthatch
Taughannock Falls SP--Lakeshore E of Creek,House Wren
Taughannock Falls SP--Lakeshore E of Creek,Gray Catbird
Taughannock Falls SP--Lakeshore E of Creek,American Robin
Taughannock Falls SP--Lakeshore E of Creek,American Goldfinch
Taughannock Falls SP--Lakeshore E of Creek,Baltimore Oriole
Taughannock Falls SP--Lakeshore E of Creek,blackbird sp.
Taughannock Falls SP--Lakeshore E of Creek,Northern Cardinal
Taughannock Falls SP--Lakeshore E of Creek,Mourning Dove
Taughannock Falls SP--Lakeshore E of Creek,Bonaparte's Gull
Taughannock Falls SP--Lakeshore E of Creek,Caspian Tern
Taughannock Falls SP--Lakeshore E of Creek,Eastern Kingbird
Taughannock Falls SP--Lakeshore E of Creek,Warbling Vireo
Taughannock Falls SP--Lakeshore E of Creek,Northern Rough-winged Swallow
Taughannock Falls SP--Lakeshore E of Creek,Ruby-crowned Kinglet
Taughannock Falls SP--Lakeshore E of Creek,Blue-gray Gnatcatcher
Taughannock Falls SP--Lakeshore E of Creek,Carolina Wren
Taughannock Falls SP--Lakeshore E of Creek,Chipping Sparrow
Taughannock Falls SP--Lakeshore E of Creek,Yellow Warbler
Taughannock Falls SP--Lakeshore E of Creek,Palm Warbler
Taughannock Falls SP--Lakeshore E of Creek,Common Merganser
Taughannock Falls SP--Lakeshore E of Creek,gull sp.
Taughannock Falls SP--Lakeshore E of Creek,Great Blue Heron
Taughannock Falls SP--Lakeshore E of Creek,Northern Flicker
Taughannock Falls SP--Lakeshore E of Creek,swallow sp.
Taughannock Falls SP--Lakeshore E of Creek,Blue-winged Teal
Taughannock Falls SP--Lakeshore E of Creek,Bufflehead
Taughannock Falls SP--Lakeshore E of Creek,Red-necked Grebe
Taughannock Falls SP--Lakeshore E of Creek,Yellow-bellied Sapsucker
Taughannock Falls SP--Lakeshore E of Creek,Fish Crow
Taughannock Falls SP--Lakeshore E of Creek,House Sparrow
Taughannock Falls SP--Lakeshore E of Creek,Eastern Phoebe
Taughannock Falls SP--Lakeshore E of Creek,Red-breasted Merganser
Taughannock Falls SP--Lakeshore E of Creek,Eastern Bluebird
Taughannock Falls SP--Lakeshore E of Creek,Yellow-rumped Warbler
Taughannock Falls SP--Lakeshore E of Creek,Red-tailed Hawk
Taughannock Falls SP--Lakeshore E of Creek,White-winged Scoter
Taughannock Falls SP--Lakeshore E of Creek,Common Raven
Taughannock Falls SP--Lakeshore E of Creek,Cedar Waxwing
Taughannock Falls SP--Lakeshore E of Creek,Horned Grebe
Taughannock Falls SP--Lakeshore E of Creek,Great Black-backed Gull
Taughannock Falls SP--Lakeshore E of Creek,House Finch
Taughannock Falls SP--Lakeshore E of Creek,Wood Duck
Taughannock Falls SP--Lakeshore E of Creek,Hooded Merganser
Taughannock Falls SP--Lakeshore E of Creek,crow sp.
Taughannock Falls SP--Lakeshore E of Creek,Red-eyed Vireo
Taughannock Falls SP--Lakeshore E of Creek,Bank Swallow
Taughannock Falls SP--Lakeshore E of Creek,Chimney Swift
Taughannock Falls SP--Lakeshore E of Creek,Larus sp.
Taughannock Falls SP--Lakeshore E of Creek,Yellow-throated Vireo
Taughannock Falls SP--Lakeshore E of Creek,Brown-headed Cowbird
Taughannock Falls SP--Lakeshore E of Creek,American Redstart
Taughannock Falls SP--Lakeshore E of Creek,Rock Pigeon
Taughannock Falls SP--Lakeshore E of Creek,Scarlet Tanager
Taughannock Falls SP--Lakeshore E of Creek,American Wigeon
Taughannock Falls SP--Lakeshore E of Creek,American Black Duck
Taughannock Falls SP--Lakeshore E of Creek,Greater/Lesser Scaup
Taughannock Falls SP--Lakeshore E of Creek,Long-tailed Duck
Taughannock Falls SP--Lakeshore E of Creek,Green-winged Teal
Taughannock Falls SP--Lakeshore E of Creek,Common Goldeneye
Taughannock Falls SP--Lakeshore E of Creek,Redhead
Taughannock Falls SP--Lakeshore E of Creek,Gadwall
Taughannock Falls SP--Lakeshore E of Creek,Ring-necked Duck
Taughannock Falls SP--Lakeshore E of Creek,Aythya sp.
Taughannock Falls SP--Lakeshore E of Creek,Greater Scaup
Taughannock Falls SP--Lakeshore E of Creek,Bald Eagle
Taughannock Falls SP--Lakeshore E of Creek,Golden-crowned Kinglet
Taughannock Falls SP--Lakeshore E of Creek,Brown Creeper
Taughannock Falls SP--Lakeshore E of Creek,Blackpoll Warbler
Taughannock Falls SP--Lakeshore E of Creek,Spotted Sandpiper
Taughannock Falls SP--Lakeshore E of Creek,Rose-breasted Grosbeak
Taughannock Falls SP--Lakeshore E of Creek,Tennessee Warbler
Taughannock Falls SP--Lakeshore E of Creek,Wood Thrush
Taughannock Falls SP--Lakeshore E of Creek,Common Yellowthroat
Taughannock Falls SP--Lakeshore E of Creek,Cape May Warbler
Taughannock Falls SP--Lakeshore E of Creek,Magnolia Warbler
Taughannock Falls SP--Lakeshore E of Creek,Bay-breasted Warbler
Taughannock Falls SP--Lakeshore E of Creek,Blackburnian Warbler
Taughannock Falls SP--Lakeshore E of Creek,Ruby-throated Hummingbird
Taughannock Falls SP--Lakeshore E of Creek,Wild Turkey
Taughannock Falls SP--Lakeshore E of Creek,Cliff Swallow
Taughannock Falls SP--Lakeshore E of Creek,Snow Goose
Taughannock Falls SP--Lakeshore E of Creek,Black Scoter
Taughannock Falls SP--Lakeshore E of Creek,Great Egret
Taughannock Falls SP--Lakeshore E of Creek,Lesser Scaup
Taughannock Falls SP--Lakeshore E of Creek,Red-throated Loon
Taughannock Falls SP--Lakeshore E of Creek,Pied-billed Grebe
Taughannock Falls SP--Lakeshore E of Creek,scoter sp.
Taughannock Falls SP--Lakeshore E of Creek,goose sp.
Taughannock Falls SP--Lakeshore E of Creek,Mute Swan
Taughannock Falls SP--Lakeshore E of Creek,duck sp.
Taughannock Falls SP--Lakeshore E of Creek,Cooper's Hawk
Taughannock Falls SP--Lakeshore E of Creek,Lesser Black-backed Gull
Taughannock Falls SP--Lakeshore E of Creek,Snow Bunting
Taughannock Falls SP--Lakeshore E of Creek,Surf Scoter
Taughannock Falls SP--Lakeshore E of Creek,Northern Shoveler
Taughannock Falls SP--Lakeshore E of Creek,Black-and-white Warbler
Taughannock Falls SP--Lakeshore E of Creek,Great Crested Flycatcher
Taughannock Falls SP--Lakeshore E of Creek,Pine Warbler
Taughannock Falls SP--Lakeshore E of Creek,Merlin
Taughannock Falls SP--Lakeshore E of Creek,Green Heron
Taughannock Falls SP--Lakeshore E of Creek,Eastern Wood-Pewee
Taughannock Falls SP--Lakeshore E of Creek,Northern Parula
Taughannock Falls SP--Lakeshore E of Creek,Indigo Bunting
Taughannock Falls SP--Lakeshore E of Creek,White-throated Sparrow
Taughannock Falls SP--Lakeshore E of Creek,Northern Pintail
Taughannock Falls SP--Lakeshore E of Creek,large shorebird sp.
Taughannock Falls SP--Lakeshore E of Creek,Sharp-shinned Hawk
Taughannock Falls SP--Lakeshore E of Creek,woodpecker sp.
Taughannock Falls SP--Lakeshore E of Creek,Hooded Warbler
Taughannock Falls SP--Lakeshore E of Creek,Orchard Oriole
Taughannock Falls SP--Lakeshore E of Creek,American Pipit
Taughannock Falls SP--Lakeshore E of Creek,Pine Siskin
Taughannock Falls SP--Lakeshore E of Creek,passerine sp.
Taughannock Falls SP--Lakeshore E of Creek,American Tree Sparrow
Taughannock Falls SP--Lakeshore E of Creek,Arctic Tern
Taughannock Falls SP--Lakeshore E of Creek,Brown Pelican
Taughannock Falls SP--Lakeshore E of Creek,Tundra Swan
Taughannock Falls SP--Lakeshore E of Creek,American Coot
Taughannock Falls SP--Lakeshore E of Creek,Canvasback
Taughannock Falls SP--Lakeshore E of Creek,Ruddy Duck
Taughannock Falls SP--Lakeshore E of Creek,Mallard x American Black Duck (hybrid)
Taughannock Falls SP--Campground,Common Loon
Taughannock Falls SP--Campground,White-breasted Nuthatch
Taughannock Falls SP--Campground,Dark-eyed Junco
Taughannock Falls SP--Campground,Common Tern
Taughannock Falls SP--Campground,Belted Kingfisher
Taughannock Falls SP--Campground,Blue Jay
Taughannock Falls SP--Campground,American Crow
Taughannock Falls SP--Campground,Red-tailed Hawk
Taughannock Falls SP--Campground,Eastern Screech-Owl
Taughannock Falls SP--Campground,Scarlet Tanager
Taughannock Falls SP--Campground,Mallard
Taughannock Falls SP--Campground,Mourning Dove
Taughannock Falls SP--Campground,Red-bellied Woodpecker
Taughannock Falls SP--Campground,Yellow-throated Vireo
Taughannock Falls SP--Campground,Red-eyed Vireo
Taughannock Falls SP--Campground,Black-capped Chickadee
Taughannock Falls SP--Campground,American Robin
Taughannock Falls SP--Campground,Cedar Waxwing
Taughannock Falls SP--Campground,Common Grackle
Taughannock Falls SP--Campground,Northern Cardinal
Taughannock Falls SP--Campground,Chimney Swift
Taughannock Falls SP--Campground,Pine Warbler
Taughannock Falls SP--Campground,Canada Goose
Taughannock Falls SP--Campground,Northern Flicker
Taughannock Falls SP--Campground,Eastern Phoebe
Taughannock Falls SP--Campground,Ruby-crowned Kinglet
Taughannock Falls SP--Campground,Gray Catbird
Taughannock Falls SP--Campground,Northern Mockingbird
Taughannock Falls SP--Campground,Song Sparrow
Taughannock Falls SP--Campground,Hooded Merganser
Taughannock Falls SP--Campground,Herring Gull
Taughannock Falls SP--Campground,Caspian Tern
Taughannock Falls SP--Campground,Turkey Vulture
Taughannock Falls SP--Campground,Veery
Taughannock Falls SP--Campground,Red-winged Blackbird
Taughannock Falls SP--Campground,American Redstart
Taughannock Falls SP--Campground,Rose-breasted Grosbeak
Taughannock Falls SP--Campground,Indigo Bunting
Taughannock Falls SP--Campground,Osprey
Taughannock Falls SP--Campground,Hairy Woodpecker
Taughannock Falls SP--Campground,Barn Swallow
Taughannock Falls SP--Campground,Yellow-billed Cuckoo
Taughannock Falls SP--Campground,Downy Woodpecker
Taughannock Falls SP--Campground,Pileated Woodpecker
Taughannock Falls SP--Campground,Great Crested Flycatcher
Taughannock Falls SP--Campground,Hermit Thrush
Taughannock Falls SP--Campground,House Finch
Taughannock Falls SP--Campground,Baltimore Oriole
Taughannock Falls SP--Campground,Hooded Warbler
Taughannock Falls SP--Campground,Black-throated Green Warbler
Taughannock Falls SP--Campground,Red-breasted Merganser
Taughannock Falls SP--Campground,Worm-eating Warbler
Taughannock Falls SP--Campground,Bald Eagle
Taughannock Falls SP--Campground,Carolina Wren
Taughannock Falls SP--Campground,American Goldfinch
Taughannock Falls SP--North Point,Canada Goose
Taughannock Falls SP--North Point,Mallard
Taughannock Falls SP--North Point,Common Merganser
Taughannock Falls SP--North Point,Red-breasted Merganser
Taughannock Falls SP--North Point,Ring-billed Gull
Taughannock Falls SP--North Point,Herring Gull
Taughannock Falls SP--North Point,Downy Woodpecker
Taughannock Falls SP--North Point,American Crow
Taughannock Falls SP--North Point,Brown Creeper
Taughannock Falls SP--North Point,American Black Duck
Taughannock Falls SP--North Point,Great Black-backed Gull
Taughannock Falls SP--North Point,Red-bellied Woodpecker
Taughannock Falls SP--North Point,Golden-crowned Kinglet
Taughannock Falls SP--North Point,Mourning Dove
Taughannock Falls SP--North Point,Hooded Merganser
Taughannock Falls SP--North Point,Horned Grebe
Taughannock Falls SP--North Point,Double-crested Cormorant
Taughannock Falls SP--North Point,Belted Kingfisher
Taughannock Falls SP--North Point,Yellow-bellied Sapsucker
Taughannock Falls SP--North Point,Hairy Woodpecker
Taughannock Falls SP--North Point,Bald Eagle
Taughannock Falls SP--North Point,Osprey
Taughannock Falls SP--North Point,Northern Rough-winged Swallow
Taughannock Falls SP--North Point,Blue-gray Gnatcatcher
Taughannock Falls SP--North Point,European Starling
Taughannock Falls SP--North Point,Cedar Waxwing
Taughannock Falls SP--North Point,Red-winged Blackbird
Taughannock Falls SP--North Point,Common Grackle
Taughannock Falls SP--North Point,Northern Flicker
Taughannock Falls SP--North Point,Great Crested Flycatcher
Taughannock Falls SP--North Point,Warbling Vireo
Taughannock Falls SP--North Point,Red-eyed Vireo
Taughannock Falls SP--North Point,Black-capped Chickadee
Taughannock Falls SP--North Point,Purple Martin
Taughannock Falls SP--North Point,Barn Swallow
Taughannock Falls SP--North Point,Carolina Wren
Taughannock Falls SP--North Point,Gray Catbird
Taughannock Falls SP--North Point,American Robin
Taughannock Falls SP--North Point,American Goldfinch
Taughannock Falls SP--North Point,Chipping Sparrow
Taughannock Falls SP--North Point,Brown-headed Cowbird
Taughannock Falls SP--North Point,Great Blue Heron
Taughannock Falls SP--North Point,Song Sparrow
Taughannock Falls SP--North Point,Common Yellowthroat
Taughannock Falls SP--North Point,Northern Cardinal
Taughannock Falls SP--North Point,Wild Turkey
Taughannock Falls SP--North Point,Chimney Swift
Taughannock Falls SP--North Point,Killdeer
Taughannock Falls SP--North Point,Eastern Kingbird
Taughannock Falls SP--North Point,Northern Mockingbird
Taughannock Falls SP--North Point,Eastern Wood-Pewee
Taughannock Falls SP--North Point,Tree Swallow
Taughannock Falls SP--North Point,Eastern Bluebird
Taughannock Falls SP--North Point,Baltimore Oriole
Taughannock Falls SP--North Point,Black-and-white Warbler
Taughannock Falls SP--North Point,Yellow Warbler
Taughannock Falls SP--North Point,Common Tern
Taughannock Falls SP--North Point,Cape May Warbler
Taughannock Falls SP--North Point,Yellow-rumped Warbler
Taughannock Falls SP--North Point,Caspian Tern
Taughannock Falls SP--North Point,Red-tailed Hawk
Taughannock Falls SP--North Point,Eastern Phoebe
Taughannock Falls SP--North Point,Tufted Titmouse
Taughannock Falls SP--North Point,White-breasted Nuthatch
Taughannock Falls SP--North Point,House Wren
Taughannock Falls SP--North Point,Palm Warbler
Taughannock Falls SP--North Point,Common Loon
Taughannock Falls SP--North Point,Turkey Vulture
Taughannock Falls SP--North Point,Merlin
Taughannock Falls SP--North Point,Common Raven
Taughannock Falls SP--North Point,Common Goldeneye
Taughannock Falls SP--North Point,American Wigeon
Taughannock Falls SP--North Point,Mallard x American Black Duck (hybrid)
Taughannock Falls SP--North Point,gull sp.
Taughannock Falls SP--North Point,Lesser Black-backed Gull
Taughannock Falls SP--North Point,Wood Duck
Taughannock Falls SP--North Point,Blue Jay
Taughannock Falls SP--North Point,Larus sp.
Taughannock Falls SP--North Point,Scarlet Tanager
Taughannock Falls SP--North Point,Sterna sp.
Taughannock Falls SP--North Point,Rock Pigeon
Taughannock Falls SP--North Point,Spotted Sandpiper
Taughannock Falls SP--North Point,Pileated Woodpecker
Taughannock Falls SP--North Point,Yellow-throated Vireo
Taughannock Falls SP--North Point,Wood Thrush
Taughannock Falls SP--North Point,Dark-eyed Junco
Taughannock Falls SP--North Point,Ovenbird
Taughannock Falls SP--North Point,Bank Swallow
Taughannock Falls SP--North Point,Common/Forster's Tern
Taughannock Falls SP--North Point,House Sparrow
Taughannock Falls SP--North Point,Purple Finch
Taughannock Falls SP--North Point,Rose-breasted Grosbeak
Taughannock Falls SP--North Point,American Redstart
Taughannock Falls SP--North Point,duck sp.
Taughannock Falls SP--North Point,Bufflehead
Taughannock Falls SP--North Point,Gadwall
Taughannock Falls SP--North Point,Redhead
Taughannock Falls SP--North Point,Ring-necked Duck
Taughannock Falls SP--North Point,White-winged Scoter
Taughannock Falls SP--North Point,Brant
Taughannock Falls SP--North Point,Dunlin
Taughannock Falls SP--North Point,Cooper's Hawk
Taughannock Falls SP--North Point,American Kestrel
Taughannock Falls SP--North Point,Blue-winged Teal
Taughannock Falls SP--North Point,Red-necked Grebe
Taughannock Falls SP--North Point,shorebird sp.
Taughannock Falls SP--North Point,House Finch
Taughannock Falls SP--North Point,Bay-breasted Warbler
Taughannock Falls SP--North Point,Blackpoll Warbler
Taughannock Falls SP--North Point,warbler sp. (Parulidae sp.)
Taughannock Falls SP--North Point,Northern Pintail
Taughannock Falls SP--North Point,swallow sp.
Taughannock Falls SP--North Point,Eastern Screech-Owl
Taughannock Falls SP--North Point,Least Sandpiper
Taughannock Falls SP--North Point,Bonaparte's Gull
Taughannock Falls SP--North Point,Orchard Oriole
Taughannock Falls SP--North Point,Tennessee Warbler
Taughannock Falls SP--North Point,Greater/Lesser Scaup
Taughannock Falls SP--North Point,Long-tailed Duck
Taughannock Falls SP--North Point,Ruby-crowned Kinglet
Taughannock Falls SP--North Point,Pied-billed Grebe
Taughannock Falls SP--North Point,Snow Goose
Taughannock Falls SP--North Point,Red-throated Loon
Taughannock Falls SP--North Point,Mute Swan
Taughannock Falls SP--North Point,loon sp.
Taughannock Falls SP--North Point,waterfowl sp.
Taughannock Falls SP--North Point,grebe sp.
Taughannock Falls SP--North Point,Sharp-shinned Hawk
Taughannock Falls SP--North Point,American Coot
Taughannock Falls SP--North Point,White-throated Sparrow
Taughannock Falls SP--North Point,Cackling Goose
Taughannock Falls SP--North Point,passerine sp.
Taughannock Falls SP--North Point,Ruddy Duck
Taughannock Falls SP--North Point,Green-winged Teal
Taughannock Falls SP--North Point,Northern Shoveler
Taughannock Falls SP--North Point,Bobolink
Taughannock Falls SP--North Point,vireo sp.
Taughannock Falls SP--North Point,Pine Warbler
Taughannock Falls SP--North Point,Indigo Bunting
Taughannock Falls SP--North Point,Lesser Scaup
Taughannock Falls SP--North Point,Red Phalarope
Taughannock Falls SP--North Point,Eastern Towhee
Taughannock Falls SP--North Point,American Pipit
Taughannock Falls SP--North Point,Great Egret
Taughannock Falls SP--North Point,Peregrine Falcon
Taughannock Falls SP--North Point,dabbling duck sp.
Taughannock Falls SP--North Point,Greater Yellowlegs
Taughannock Falls SP--North Point,blackbird sp.
Taughannock Falls SP--North Point,scoter sp.
Taughannock Falls SP--North Point,Semipalmated Sandpiper
Taughannock Falls SP--North Point,Greater Scaup
Taughannock Falls SP--North Point,Northern Harrier
Taughannock Falls SP--North Point,Canvasback
Taughannock Falls SP--North Point,Tundra Swan
Taughannock Falls SP--North Point,Glaucous Gull
Taughannock Falls SP--North Point,Herring x Great Black-backed Gull (hybrid)
Taughannock Falls SP--North Point,Red-shouldered Hawk
Taughannock Falls SP--Gorge Trail,gull sp.
Taughannock Falls SP--Gorge Trail,Peregrine Falcon
Taughannock Falls SP--Gorge Trail,Mallard
Taughannock Falls SP--Gorge Trail,Great Black-backed Gull
Taughannock Falls SP--Gorge Trail,Bald Eagle
Taughannock Falls SP--Gorge Trail,Pileated Woodpecker
Taughannock Falls SP--Gorge Trail,American Crow
Taughannock Falls SP--Gorge Trail,Common Raven
Taughannock Falls SP--Gorge Trail,Canada Goose
Taughannock Falls SP--Gorge Trail,Ring-billed Gull
Taughannock Falls SP--Gorge Trail,Red-tailed Hawk
Taughannock Falls SP--Gorge Trail,Hairy Woodpecker
Taughannock Falls SP--Gorge Trail,American Goldfinch
Taughannock Falls SP--Gorge Trail,White-breasted Nuthatch
Taughannock Falls SP--Gorge Trail,Turkey Vulture
Taughannock Falls SP--Gorge Trail,Blue Jay
Taughannock Falls SP--Gorge Trail,Black-capped Chickadee
Taughannock Falls SP--Gorge Trail,Broad-winged Hawk
Taughannock Falls SP--Gorge Trail,Downy Woodpecker
Taughannock Falls SP--Gorge Trail,Carolina Wren
Taughannock Falls SP--Gorge Trail,Mourning Dove
Taughannock Falls SP--Gorge Trail,Belted Kingfisher
Taughannock Falls SP--Gorge Trail,Northern Flicker
Taughannock Falls SP--Gorge Trail,Red-eyed Vireo
Taughannock Falls SP--Gorge Trail,American Robin
Taughannock Falls SP--Gorge Trail,Cedar Waxwing
Taughannock Falls SP--Gorge Trail,Dark-eyed Junco
Taughannock Falls SP--Gorge Trail,Red-winged Blackbird
Taughannock Falls SP--Gorge Trail,Common Grackle
Taughannock Falls SP--Gorge Trail,Northern Cardinal
Taughannock Falls SP--Gorge Trail,Double-crested Cormorant
Taughannock Falls SP--Gorge Trail,Fish Crow
Taughannock Falls SP--Gorge Trail,Chipping Sparrow
Taughannock Falls SP--Gorge Trail,Song Sparrow
Taughannock Falls SP--Gorge Trail,Eastern Towhee
Taughannock Falls SP--Gorge Trail,Indigo Bunting
Taughannock Falls SP--Gorge Trail,Tufted Titmouse
Taughannock Falls SP--Gorge Trail,Northern Rough-winged Swallow
Taughannock Falls SP--Gorge Trail,Rock Pigeon
Taughannock Falls SP--Gorge Trail,Eastern Screech-Owl
Taughannock Falls SP--Gorge Trail,Bank Swallow
Taughannock Falls SP--Gorge Trail,Baltimore Oriole
Taughannock Falls SP--Gorge Trail,Eastern Kingbird
Taughannock Falls SP--Gorge Trail,Common Merganser
Taughannock Falls SP--Gorge Trail,Wild Turkey
Taughannock Falls SP--Gorge Trail,Great Blue Heron
Taughannock Falls SP--Gorge Trail,House Finch
Taughannock Falls SP--Gorge Trail,Osprey
Taughannock Falls SP--Gorge Trail,Eastern Phoebe
Taughannock Falls SP--Gorge Trail,Louisiana Waterthrush
Taughannock Falls SP--Gorge Trail,Herring Gull
Taughannock Falls SP--Gorge Trail,Red-breasted Merganser
Taughannock Falls SP--Gorge Trail,sparrow sp.
Taughannock Falls SP--Gorge Trail,Red-bellied Woodpecker
Taughannock Falls SP--Gorge Trail,Golden-crowned Kinglet
Taughannock Falls SP--Gorge Trail,Spotted Sandpiper
Taughannock Falls SP--Gorge Trail,Black-throated Green Warbler
Taughannock Falls SP--Gorge Trail,Eastern Wood-Pewee
Taughannock Falls SP--Gorge Trail,Veery
Taughannock Falls SP--Gorge Trail,crow/raven sp.
Taughannock Falls SP--Gorge Trail,Scarlet Tanager
Taughannock Falls SP--Gorge Trail,Tree Swallow
Taughannock Falls SP--Gorge Trail,Gray Catbird
Taughannock Falls SP--Gorge Trail,Great Crested Flycatcher
Taughannock Falls SP--Gorge Trail,Warbling Vireo
Taughannock Falls SP--Gorge Trail,Barn Swallow
Taughannock Falls SP--Gorge Trail,Wood Thrush
Taughannock Falls SP--Gorge Trail,Common Yellowthroat
Taughannock Falls SP--Gorge Trail,Rose-breasted Grosbeak
Taughannock Falls SP--Gorge Trail,Yellow-bellied Sapsucker
Taughannock Falls SP--Gorge Trail,European Starling
Taughannock Falls SP--Gorge Trail,Black Vulture
Taughannock Falls SP--Gorge Trail,duck sp.
Taughannock Falls SP--Gorge Trail,passerine sp.
Taughannock Falls SP--Gorge Trail,Cliff Swallow
Taughannock Falls SP--Gorge Trail,Chimney Swift
Taughannock Falls SP--Gorge Trail,Common Loon
Taughannock Falls SP--Gorge Trail,Yellow-throated Vireo
Taughannock Falls SP--Gorge Trail,swallow sp.
Taughannock Falls SP--Gorge Trail,American Black Duck
Taughannock Falls SP--Gorge Trail,Snow Goose
Taughannock Falls SP--Gorge Trail,Eastern Bluebird
Taughannock Falls SP--Gorge Trail,Semipalmated Plover
Taughannock Falls SP--Gorge Trail,Hooded Warbler
Taughannock Falls SP--Gorge Trail,Chestnut-sided Warbler
Taughannock Falls SP--Gorge Trail,Pine Warbler
Taughannock Falls SP--Gorge Trail,Purple Martin
Taughannock Falls SP--Gorge Trail,Brown-headed Cowbird
Taughannock Falls SP--Gorge Trail,White-throated Sparrow
Taughannock Falls SP--North Rim Trail,gull sp.
Taughannock Falls SP--North Rim Trail,Turkey Vulture
Taughannock Falls SP--North Rim Trail,Downy Woodpecker
Taughannock Falls SP--North Rim Trail,American Robin
Taughannock Falls SP--North Rim Trail,Red-tailed Hawk
Taughannock Falls SP--North Rim Trail,Red-bellied Woodpecker
Taughannock Falls SP--North Rim Trail,Pileated Woodpecker
Taughannock Falls SP--North Rim Trail,Blue Jay
Taughannock Falls SP--North Rim Trail,American Crow
Taughannock Falls SP--North Rim Trail,Tufted Titmouse
Taughannock Falls SP--North Rim Trail,Golden-crowned Kinglet
Taughannock Falls SP--North Rim Trail,Mallard
Taughannock Falls SP--North Rim Trail,Wild Turkey
Taughannock Falls SP--North Rim Trail,Ring-billed Gull
Taughannock Falls SP--North Rim Trail,Bald Eagle
Taughannock Falls SP--North Rim Trail,Eastern Phoebe
Taughannock Falls SP--North Rim Trail,Fish Crow
Taughannock Falls SP--North Rim Trail,Gray Catbird
Taughannock Falls SP--North Rim Trail,American Goldfinch
Taughannock Falls SP--North Rim Trail,Red-winged Blackbird
Taughannock Falls SP--North Rim Trail,Canada Goose
Taughannock Falls SP--North Rim Trail,Osprey
Taughannock Falls SP--North Rim Trail,Common Raven
Taughannock Falls SP--North Rim Trail,Cedar Waxwing
Taughannock Falls SP--North Rim Trail,Dark-eyed Junco
Taughannock Falls SP--North Rim Trail,Common Grackle
Taughannock Falls SP--North Rim Trail,Blackburnian Warbler
Taughannock Falls SP--North Rim Trail,Yellow-rumped Warbler
Taughannock Falls SP--North Rim Trail,Ruby-throated Hummingbird
Taughannock Falls SP--North Rim Trail,Killdeer
Taughannock Falls SP--North Rim Trail,Herring Gull
Taughannock Falls SP--North Rim Trail,Double-crested Cormorant
Taughannock Falls SP--North Rim Trail,Belted Kingfisher
Taughannock Falls SP--North Rim Trail,Great Crested Flycatcher
Taughannock Falls SP--North Rim Trail,Red-eyed Vireo
Taughannock Falls SP--North Rim Trail,Black-capped Chickadee
Taughannock Falls SP--North Rim Trail,Tree Swallow
Taughannock Falls SP--North Rim Trail,Barn Swallow
Taughannock Falls SP--North Rim Trail,House Finch
Taughannock Falls SP--North Rim Trail,Chipping Sparrow
Taughannock Falls SP--North Rim Trail,Worm-eating Warbler
Taughannock Falls SP--North Rim Trail,Black-throated Blue Warbler
Taughannock Falls SP--North Rim Trail,Black-throated Green Warbler
Taughannock Falls SP--North Rim Trail,Northern Cardinal
Taughannock Falls SP--North Rim Trail,Indigo Bunting
Taughannock Falls SP--North Rim Trail,White-breasted Nuthatch
Taughannock Falls SP--North Rim Trail,Great Blue Heron
Taughannock Falls SP--North Rim Trail,Northern Rough-winged Swallow
Taughannock Falls SP--North Rim Trail,Rose-breasted Grosbeak
Taughannock Falls SP--North Rim Trail,Downy/Hairy Woodpecker
Taughannock Falls SP--North Rim Trail,Northern Flicker
Taughannock Falls SP--North Rim Trail,Rock Pigeon
Taughannock Falls SP--North Rim Trail,Peregrine Falcon
Taughannock Falls SP--North Rim Trail,Pine Warbler
Taughannock Falls SP--North Rim Trail,Bank Swallow
Taughannock Falls SP--North Rim Trail,Hooded Warbler
Taughannock Falls SP--North Rim Trail,Common Merganser
Taughannock Falls SP--North Rim Trail,Chimney Swift
Taughannock Falls SP--North Rim Trail,Yellow-throated Vireo
Taughannock Falls SP--North Rim Trail,Yellow Warbler
Taughannock Falls SP--North Rim Trail,House Sparrow
Taughannock Falls SP--South Rim Trail,Snow Goose
Taughannock Falls SP--South Rim Trail,Canada Goose
Taughannock Falls SP--South Rim Trail,Common Merganser
Taughannock Falls SP--South Rim Trail,gull sp.
Taughannock Falls SP--South Rim Trail,Turkey Vulture
Taughannock Falls SP--South Rim Trail,Bald Eagle
Taughannock Falls SP--South Rim Trail,American Crow
Taughannock Falls SP--South Rim Trail,Black-capped Chickadee
Taughannock Falls SP--South Rim Trail,American Robin
Taughannock Falls SP--South Rim Trail,Blue Jay
Taughannock Falls SP--South Rim Trail,Wood Duck
Taughannock Falls SP--South Rim Trail,Rock Pigeon
Taughannock Falls SP--South Rim Trail,Mourning Dove
Taughannock Falls SP--South Rim Trail,Great Blue Heron
Taughannock Falls SP--South Rim Trail,Red-tailed Hawk
Taughannock Falls SP--South Rim Trail,Red-bellied Woodpecker
Taughannock Falls SP--South Rim Trail,Downy Woodpecker
Taughannock Falls SP--South Rim Trail,Hairy Woodpecker
Taughannock Falls SP--South Rim Trail,Northern Flicker
Taughannock Falls SP--South Rim Trail,Peregrine Falcon
Taughannock Falls SP--South Rim Trail,Eastern Wood-Pewee
Taughannock Falls SP--South Rim Trail,Eastern Phoebe
Taughannock Falls SP--South Rim Trail,Red-eyed Vireo
Taughannock Falls SP--South Rim Trail,Common Raven
Taughannock Falls SP--South Rim Trail,Tufted Titmouse
Taughannock Falls SP--South Rim Trail,Northern Rough-winged Swallow
Taughannock Falls SP--South Rim Trail,Gray Catbird
Taughannock Falls SP--South Rim Trail,Eastern Bluebird
Taughannock Falls SP--South Rim Trail,Veery
Taughannock Falls SP--South Rim Trail,Wood Thrush
Taughannock Falls SP--South Rim Trail,Cedar Waxwing
Taughannock Falls SP--South Rim Trail,American Goldfinch
Taughannock Falls SP--South Rim Trail,Dark-eyed Junco
Taughannock Falls SP--South Rim Trail,Eastern Towhee
Taughannock Falls SP--South Rim Trail,Common Yellowthroat
Taughannock Falls SP--South Rim Trail,American Redstart
Taughannock Falls SP--South Rim Trail,Northern Cardinal
Taughannock Falls SP--South Rim Trail,Indigo Bunting
Taughannock Falls SP--South Rim Trail,Ring-billed Gull
Taughannock Falls SP--South Rim Trail,White-breasted Nuthatch
Taughannock Falls SP--South Rim Trail,Carolina Wren
Taughannock Falls SP--South Rim Trail,European Starling
Taughannock Falls SP--South Rim Trail,Song Sparrow
Taughannock Falls SP--South Rim Trail,Brown-headed Cowbird
Taughannock Falls SP--South Rim Trail,Scarlet Tanager
Taughannock Falls SP--South Rim Trail,Pileated Woodpecker
Taughannock Falls SP--South Rim Trail,Warbling Vireo
Taughannock Falls SP--South Rim Trail,Tree Swallow
Taughannock Falls SP--South Rim Trail,Northern Mockingbird
Taughannock Falls SP--South Rim Trail,House Sparrow
Taughannock Falls SP--South Rim Trail,Red-winged Blackbird
Taughannock Falls SP--South Rim Trail,Great Crested Flycatcher
Taughannock Falls SP--South Rim Trail,Mallard
Taughannock Falls SP--South Rim Trail,Baltimore Oriole
Taughannock Falls SP--South Rim Trail,Blue-winged Warbler
Taughannock Falls SP--South Rim Trail,Magnolia Warbler
Taughannock Falls SP--South Rim Trail,Bay-breasted Warbler
Taughannock Falls SP--South Rim Trail,Chestnut-sided Warbler
Taughannock Falls SP--South Rim Trail,Black-throated Blue Warbler
Taughannock Falls SP--South Rim Trail,Palm Warbler
Taughannock Falls SP--South Rim Trail,Yellow-rumped Warbler
Taughannock Falls SP--South Rim Trail,Osprey
Taughannock Falls SP--South Rim Trail,Chipping Sparrow
Taughannock Falls SP--South Rim Trail,Herring Gull
Taughannock Falls SP--South Rim Trail,Yellow-bellied Sapsucker
Taughannock Falls SP--South Rim Trail,Ovenbird
Taughannock Falls SP--South Rim Trail,Pine Warbler
Taughannock Falls SP--South Rim Trail,Spotted Sandpiper
Taughannock Falls SP--South Rim Trail,Wild Turkey
Taughannock Falls SP--South Rim Trail,Yellow-throated Vireo
Taughannock Falls SP--South Rim Trail,Purple Martin
Taughannock Falls SP--South Rim Trail,Hooded Warbler
Taughannock Falls SP--South Rim Trail,Black-throated Green Warbler
Taughannock Falls SP--South Rim Trail,Blackpoll Warbler
